term,diff
ukraine,-0.024632809646004266
ukrainian,-0.01301431658563886
war,-0.011081990719125499
life,-0.010669231501835349
poland,-0.010175459654248474
refugee,-0.00996299306540494
world,-0.008076245750865945
peace,-0.008010999151057754
ukrainians,-0.007919272867682726
russian,-0.0055910119294322845
man,-0.00557416013238614
russia,-0.00555506387521554
human,-0.005495438447419708
family,-0.0053751891698497105
black,-0.005339146350067442
woman,-0.005236964097674046
home,-0.00514659721875557
people,-0.005081307016997723
child,-0.00449896437360643
heart,-0.004043283042805608
putin,-0.003982874946135573
love,-0.003965384646352213
help,-0.0038903773290188287
humanity,-0.0038256167379081534
land,-0.0036393668587117317
woman child,-0.003524918259890713
ukrainian people,-0.003512631139415209
white,-0.0034737938729320532
europe,-0.0034556153644684294
russians,-0.003450315074665457
racism,-0.0032535112269498944
student,-0.0032523136150299117
native,-0.003212573779633783
race,-0.003010952905289066
prayer,-0.0029614247276665553
people ukraine,-0.002876709815552986
polish,-0.002847033316977409
racist,-0.002815461970946345
nato,-0.0027491514907660307
color,-0.0027011149421582647
year,-0.0025600032855205134
brother,-0.002559216785129214
culture,-0.0024890327804478526
muslim,-0.002471387915064276
india,-0.002388559411128331
mother,-0.0023387832370291807
european,-0.0022912535981454716
brave,-0.0022418794785884935
equal,-0.0021615351946202193
strong,-0.0021114843443516703
society,-0.0021013793820605486
african,-0.0020864611476635268
poor,-0.0020453584660797904
asylum,-0.0020375750871807156
time,-0.0019778436312826303
problem,-0.0019337367705625635
eu,-0.001906789003114519
black people,-0.0019054601380361223
god ukraine,-0.0018971863250288026
religion,-0.001804304270319795
soldier,-0.0017919235276366325
victim,-0.0017280648820772733
blessing,-0.0016844532237767717
africa,-0.0016662736456926255
indian,-0.0016651476778708112
discrimination,-0.0016641328408986142
happy,-0.0016628803428990213
ukraine people,-0.0016442653460890266
soul,-0.0016410363740515304
priority,-0.001625606263794629
allah,-0.0015854567494225924
muslims,-0.001545702762185412
people world,-0.0015231258736237907
asian,-0.0014908736618404162
kid,-0.0014803338314954423
ukranian,-0.0014445742169064315
brother sister,-0.0014041477580984457
innocent,-0.0013996409975375883
sister,-0.0013964563582906466
friend,-0.001376030630487884
able,-0.0013742958498379526
high,-0.0013641288190246292
community,-0.001362268017286836
skin,-0.0013559832896888472
africans,-0.0013526900915739515
opportunity,-0.0013517688791808307
russian people,-0.001339626160325566
beautiful,-0.0013252248895477782
heaven,-0.0013120118857546047
irish,-0.001295902687858933
white people,-0.0012833921185089762
diversity,-0.0012470532858818823
immigrant,-0.0012328452313348495
equality,-0.0012314870930167305
support,-0.0012169755129289152
mexico,-0.0012049479533505845
fight,-0.00120002355488914
resource,-0.0011911197107147622
indigenous,-0.0011882332683010371
good,-0.0011835355165856851
people war,-0.0011743918040370957
situation,-0.001156343224994039
safe,-0.0011385259639884382
weapon,-0.0011262575635607877
person,-0.001121465742091206
refuge,-0.0011162025677741473
glory,-0.0011138492980949538
ancestor,-0.0011099155780008177
age,-0.0010948811186792416
group,-0.0010928254339815794
mercy,-0.0010784094072462684
native americans,-0.0010708860924289593
slava,-0.0010686372991616096
possible,-0.001064531835498419
mom,-0.0010635336080989219
rich,-0.0010612359402729997
ur,-0.0010554615924509218
chance,-0.001053813781649157
mexican,-0.001047105752293557
slave,-0.0010322426021780002
violence,-0.001030223285748697
today,-0.0010060220479898199
eastern,-0.0010010251879339488
empathy,-0.0009999358488084681
australia,-0.0009997368034390418
denmark,-0.0009974836341117268
polish people,-0.0009952686145291603
immigration,-0.0009921150953685416
refugee country,-0.000991948740059656
south,-0.0009852799400997818
similar,-0.0009840425272755002
zelensky,-0.0009796624565368767
ukraine god,-0.0009741713545906589
hungary,-0.0009639880550307981
kind,-0.0009618606288478988
man ukraine,-0.0009476235171961051
poles,-0.0009445219283218679
glad,-0.0009316030107000279
ukrainian refugee,-0.0009311895088002076
islam,-0.0009302133066179001
ukraine country,-0.0009209225474677599
repent,-0.0009203678727491794
syria,-0.0009202694836684908
democracy,-0.0009128636457534549
space,-0.0009066633557015106
end,-0.0009059138682629177
nationality,-0.0009005844674486688
ukrainian man,-0.0008863475052343752
damn,-0.0008830686047147341
neighbour,-0.0008802478007378897
germany,-0.0008692972625620211
skill,-0.0008657972164302807
wage,-0.000859890982438753
living,-0.0008584734773437274
lady,-0.000850448509069536
civilian,-0.0008491866669957668
canada,-0.0008438133005774372
resident,-0.0008431413499020065
dream,-0.0008361314892662253
western,-0.0008289571349088335
israel,-0.0008196570527086393
animal,-0.0008195605336449383
jews,-0.0008156686635347566
west,-0.0008097661495785657
god poland,-0.0008019703234592898
god ukrainian,-0.0007999194442365534
alive,-0.0007978231410636539
thought,-0.0007967386566243269
pole,-0.0007958148055547371
coward,-0.0007882596917532678
different,-0.0007723486517727742
world ukraine,-0.0007713348794205387
people home,-0.0007620235933331176
doctor,-0.0007616439768807497
foreigner,-0.0007606087523520495
weak,-0.0007601539104995689
home country,-0.0007531667094673826
population,-0.0007529458414732584
ireland,-0.0007508413163818471
poverty,-0.000749728397612291
history,-0.0007438374317450477
ukranians,-0.0007397460898076788
north,-0.0007388681786211854
majority,-0.0007380730066314746
welcome,-0.0007330906443886679
colour,-0.0007317743362632672
struggle,-0.0007212512430466708
medical,-0.0007202689446462791
story,-0.0007179062966397648
economic,-0.0007176295014747588
education,-0.0007166210806030127
humanitarian,-0.0007154180217364826
new,-0.0007124141727546983
minority,-0.0007079957388509352
innocent people,-0.0007048923766755205
uk,-0.0007037946608360383
century,-0.0006927618893805606
pet,-0.000686876203226932
lot,-0.0006854825519340651
people life,-0.0006841181693812735
ukraine man,-0.0006824511334135343
smart,-0.0006821664195945166
god people,-0.0006817392945530228
father,-0.0006785879495193265
train,-0.000673789128245919
benefit,-0.0006732800924639177
europeans,-0.000670018796226041
shelter,-0.0006696167391361278
human right,-0.0006679314616556343
racial,-0.0006661413437908052
birthday,-0.0006643624182207827
east,-0.0006638280590056553
tragedy,-0.0006617933443051721
language,-0.0006599651815592852
long,-0.0006568873598821629
homeland,-0.0006535996387394493
case,-0.0006500381670811273
troop,-0.0006474214145627613
slava ukraini,-0.0006471078724536272
ukraini,-0.0006471078724536272
afghans,-0.000637664277118548
kindness,-0.0006371664341896009
english,-0.0006338187519326411
ppl,-0.0006309543690991501
army,-0.0006304932021484505
big,-0.0006260559910206205
healthy,-0.0006258478436483722
worth,-0.0006253880797657414
ukraine poland,-0.0006241494528980098
homeless,-0.00062216874185636
ukraine russia,-0.0006213396637154483
black man,-0.0006170610498304877
status,-0.0006168252503185506
plenty,-0.0006165480037258263
behavior,-0.0006121659660649068
romania,-0.0006109994753358115
new home,-0.0006064791599127475
baby,-0.0006052166692477067
john,-0.0006040537898294983
christians,-0.0006021060516221218
need,-0.0006011506258231385
change,-0.0006005072282657356
strength,-0.0005982004171313133
man war,-0.0005967756689209183
international,-0.0005929833097775233
russian soldier,-0.000590265685881435
zone,-0.0005896878798505074
door,-0.0005880954186134817
type,-0.0005878170585768316
nurse,-0.0005842194654598974
war country,-0.0005798981110819955
volunteer,-0.0005767376607929131
conflict,-0.0005762960373884471
ukraine ukraine,-0.0005724398015835941
comment,-0.0005688979673903007
tear,-0.0005630570963326906
neighbor,-0.000555606919507987
people poland,-0.0005545927097837682
street,-0.000551648683731926
authority,-0.0005486747294244237
hard,-0.0005461639117091141
brown,-0.0005453747227096774
angel,-0.000544819694094201
easy,-0.0005445742677329744
people god,-0.0005422636122950004
victory,-0.0005407501833153854
central,-0.0005400850952445338
healthcare,-0.0005380891203867705
poor people,-0.0005302470815095523
thousand,-0.0005287061738346013
country home,-0.0005282740881940495
pain,-0.0005256288646458008
faith,-0.0005229834367187301
gas,-0.0005163148218762415
latinos,-0.0005155595161482044
country country,-0.0005140212507157056
issue,-0.0005127427989081901
country ukraine,-0.0005107365631639108
earth,-0.0005104968483253302
ass,-0.0005079571568320793
effort,-0.0005062424414101739
citizenship,-0.0005054890150829592
continent,-0.0005031864518122017
planet,-0.0005026396033250143
housing,-0.0005009057456248206
american dream,-0.0004984350414685469
hand,-0.0004965845269607496
fair,-0.0004957061443916874
alot,-0.0004935893549205146
dont,-0.0004929669822356685
holy,-0.0004901701648371779
citizen ukraine,-0.0004900549105170648
girl,-0.0004891536660544815
video,-0.0004884925560174697
respect,-0.0004876832990012986
decent,-0.0004870092767926892
union,-0.0004863204651716689
america land,-0.0004848427208819241
pray,-0.00048373267472812603
indians,-0.0004834555181867955
wish,-0.0004827293879930186
place,-0.00048079893625037643
unborn,-0.00047599452989799374
past,-0.00047520173839612784
food,-0.00047426698873698084
heritage,-0.00047310023084614684
sorry,-0.00047253680841108305
blood,-0.00047244039146647433
war people,-0.00046825786455688233
freedom,-0.0004668800468470794
treatment,-0.00046492697806117356
death,-0.0004640788956888379
quality,-0.0004622617076340611
china,-0.00046192304506227427
young,-0.0004617707638927969
country war,-0.0004586869102964519
jesus christ,-0.0004540051834792491
dead,-0.0004480886814860692
sky,-0.0004461778994802168
arm,-0.0004430446550756324
standard,-0.000439359288680022
feeling,-0.0004389358242224591
ground,-0.00043798936764765663
slavery,-0.0004352774782228416
nice,-0.0004342193265708431
supply,-0.00043284298217605155
land free,-0.0004303392448050808
son,-0.00042935256206376774
migrant,-0.00042524825557814614
ukraine war,-0.0004226769808294557
global,-0.00041959848433887785
way life,-0.00041836989288924044
thing,-0.00041337460563094664
nazi,-0.00041175645623694096
child elderly,-0.0004105131082225307
wonderful,-0.00041019373608431936
experience,-0.00040797442905255566
russia ukraine,-0.0004076953283600284
crisis,-0.0004051910700268999
fascist,-0.0004036980122882126
special,-0.00040358768134103053
late,-0.00040142563494412523
bit,-0.0003991380653073804
car,-0.000396167459710462
mankind,-0.0003936505557761777
iraq,-0.00038982562603222677
basic,-0.0003892312150560512
sex,-0.00038907567966991975
single,-0.0003890697358809271
aid,-0.0003879072036689775
cross,-0.00038767562644070186
people good,-0.00038380235182276627
pro,-0.0003803644530816348
lesson,-0.00038022003757166135
lack,-0.00037992992536212556
political,-0.0003792467838607868
world war,-0.0003762370778006947
civilized,-0.000372458651645602
human race,-0.0003723813827855067
france,-0.000371769071266353
value,-0.0003697243280245924
tribe,-0.0003656407226207268
hate,-0.00036545034848480077
north america,-0.0003637351217224589
individual,-0.00036345347454015025
woman man,-0.00036322102319582075
condition,-0.0003621944371673939
opinion,-0.00036125823749041475
elderly,-0.0003604597731586127
war ukraine,-0.00035706723491822
territory,-0.0003530238807108625
view,-0.0003525583945958774
ethnic,-0.0003515056815437605
rest,-0.0003477164102567744
root,-0.0003402736613639383
average,-0.0003393788222259505
disabled,-0.00033501267642009657
difference,-0.0003311492856297784
boy,-0.0003292803070795797
nations,-0.00032627829421702997
normal,-0.0003223281613373044
charity,-0.000321434786704609
compassion,-0.00032041604068514884
room,-0.0003186552597261379
homeless veteran,-0.0003134537950198998
right country,-0.00031314024676034106
battle,-0.0003104630137367372
form,-0.00030898965147497495
country citizen,-0.00030804031212905815
sad,-0.0003070181362958568
burden,-0.00030594882400533055
country good,-0.00030201197973219514
god mercy,-0.00029600453953619593
creator,-0.0002942549188247788
king,-0.0002921672852407776
decision,-0.00029017305213763786
man country,-0.0002901681688536504
descendant,-0.0002900031076277862
fighting,-0.0002869477695392571
prayer family,-0.00028350459900763046
country world,-0.00028338485930725526
problem country,-0.00028240777999912115
young man,-0.0002822683993793876
foreign,-0.0002822574312796801
relative,-0.0002800936542962881
mass,-0.0002794594083841321
husband,-0.00027511589894171754
mexicans,-0.0002746308139759034
small,-0.00027233921802729394
courageous,-0.00027217212286946655
christ,-0.00027194338371494065
afghanistan,-0.00027093732364186424
everyday,-0.0002698129412882773
close,-0.00026776047655425024
proud,-0.000263046514764284
women,-0.00026127147833527383
country origin,-0.000252536548050352
dictator,-0.0002505575078635488
cultural,-0.000249680749072654
communism,-0.0002483976963379211
decade,-0.00024153105179680628
member,-0.00024012580324721993
terrible,-0.00023961030789341272
year country,-0.00023819231192561785
old,-0.00023743654259482817
generation,-0.00023405038749609117
hospital,-0.0002299440706332048
little,-0.0002296237103948653
knowledge,-0.00022827366735540908
precious,-0.00022263382861841316
common,-0.00022229088717572003
universal,-0.00022206843764475812
attention,-0.0002200345274295946
shortage,-0.00021911234361151623
obligation,-0.0002123502452537864
ready,-0.00020530821994379925
luck,-0.0002052403445907564
non,-0.00020269938011150258
tough,-0.00019942087183958345
shame,-0.00019807035284498268
air,-0.00019772659667817834
sin,-0.0001971946970387925
peaceful,-0.00019451563705576852
daughter,-0.00019378952531138677
program,-0.0001921809533300395
man woman,-0.00019108060243259962
progress,-0.00018762888082937636
city,-0.0001841211612598529
family member,-0.00018069762901995007
country america,-0.00017992485428635117
chinese,-0.00017891248374766393
manner,-0.0001767192779328932
amazing,-0.00017068357362031415
heavenly,-0.00017002472929076245
formula,-0.0001672226101203431
human life,-0.0001664017603507705
guy,-0.0001653361301410792
head,-0.00016529680753489892
origin,-0.0001632446113357085
course,-0.00015620407346515785
male,-0.00015023676250984063
body,-0.00014967831326026038
care people,-0.00014640140916810532
massive,-0.00014308017607330423
citizen country,-0.0001429892718324687
good people,-0.00014142072550134906
people americans,-0.00013232161921193072
grateful,-0.0001312391179401931
perfect,-0.00013051208308339943
hard work,-0.00013020821561970607
ok,-0.0001281398782212489
assistance,-0.0001264886276949962
gods,-0.00012481806727781918
dark,-0.00011899356275206897
fine,-0.00011810856821044524
personal,-0.00011774274411933635
survival,-0.00011679408351040083
french,-0.00011523695775760533
responsibility,-0.00011462803652538013
sick tired,-0.00011189253480665349
illegal immigration,-0.00011159435696693715
god child,-0.0001095742852677069
republican party,-0.000108502314260093
background,-0.00010551394681914962
people usa,-0.00010514378128566142
sure,-0.00010221622313704164
positive,-9.956839135328709e-05
necessary,-9.782215425884134e-05
social,-9.540860310536725e-05
church,-9.513322116743383e-05
grandparent,-9.511403483972896e-05
freedom speech,-9.389906644788522e-05
principle,-9.373591864006209e-05
devil,-9.239493908134403e-05
original,-9.215679682933806e-05
force,-9.18218953568058e-05
reason,-8.960399311187675e-05
pride,-8.774382044106853e-05
capable,-8.626210642106096e-05
real,-8.225769633280356e-05
spirit,-8.044440978358168e-05
opposition,-7.916883079838518e-05
patriotism,-7.850229005310148e-05
start,-7.848531448440861e-05
honest,-7.624484481308564e-05
rent,-7.52660909795164e-05
good thing,-7.064193494105912e-05
county,-7.048591258907247e-05
large,-6.237341196221191e-05
position,-6.196202076662295e-05
trouble,-5.710626109589807e-05
oppression,-5.683425485340191e-05
level,-5.465369494511577e-05
people country,-5.316415879972345e-05
economy,-5.162214606804858e-05
run,-4.894415245452029e-05
donation,-4.661516946587608e-05
labor,-4.095179790603823e-05
rule,-3.619776278397332e-05
area,-3.617203065076497e-05
border people,-3.2507820653146816e-05
world country,-3.180682569775626e-05
horrible,-3.1062293058032914e-05
united state,-3.009629227011812e-05
unity,-3.0031344519802793e-05
moment,-2.9047710798244084e-05
almighty,-2.723504606344507e-05
hero,-2.6622289289735196e-05
tent,-2.0815748352708344e-05
dear,-2.0311901750869792e-05
children,-1.9068303660945362e-05
way,-1.8217418208011683e-05
people job,-1.7717009363752984e-05
good luck,-1.7281646809241217e-05
privilege,-1.721253729731749e-05
water,-1.6632775252571163e-05
attack,-1.4382179946545361e-05
purpose,-7.386358325038817e-06
injustice,-4.369031918498008e-06
class,3.1750644550500307e-07
answer,8.529154212781392e-07
worker,1.971335002629287e-06
process,3.60414140208507e-06
million,7.737310898982188e-06
american tax,7.803670199332032e-06
event,1.3984993692266906e-05
kingdom,1.920487553596132e-05
fear,1.987027432713746e-05
grace,2.0284559722481713e-05
suffering,2.4756697489235657e-05
vice,2.4792055012742018e-05
birth,2.583704191739519e-05
god god,2.7611953366255058e-05
prison,3.1699466173484684e-05
dad,4.1286734737807946e-05
point,4.3340088971501934e-05
win,4.818558422398122e-05
patriotic,4.92812071755021e-05
entire,4.938672820658683e-05
secure border,4.9534361033048134e-05
religious,5.37549346267158e-05
ignorant,5.429924077010367e-05
clean,5.535523394815917e-05
police,5.536171425269288e-05
mistake,5.817035971289599e-05
adult,6.0127102222178844e-05
actual,6.34863732085195e-05
fact,6.36101011758396e-05
behalf,6.642775198133856e-05
jesus,6.66188884642675e-05
action,6.682533792749953e-05
justice,6.870727405298939e-05
job americans,6.873995385645525e-05
cause,6.915675046474006e-05
advantage,6.94336659495423e-05
mighty,7.132308229347394e-05
star,7.50627208425144e-05
christian,7.572622099468861e-05
stuff,7.71457272929157e-05
social security,7.937400969884481e-05
gop,8.05605253077086e-05
medical care,8.926506219877184e-05
wife,9.050198115199341e-05
sacrifice,9.270874543414122e-05
path,9.296948575768536e-05
people freedom,9.311455250229759e-05
good country,9.568401869716335e-05
work,9.802597159010856e-05
table,9.877364694905257e-05
awesome,9.9803989648207e-05
hallelujah,0.00010145406677715315
moral,0.00010225481265824308
pandemic,0.00010329519190490646
country people,0.00010382535752100075
word,0.00010420393093448486
family country,0.00011112594461246925
country safe,0.00011511333612974266
america good,0.00011543019485383253
company,0.00011553604157616847
short,0.00012062489925575537
america country,0.00012115669336829418
nation people,0.00012223121850790165
risk,0.0001277669698020983
night,0.00012968907825239908
revolution,0.0001322591796004636
defense,0.00013856217675985058
mandate,0.00013909960609081724
hungry,0.00013915369913845117
covid,0.0001403311194901096
people right,0.00014115082794119514
business,0.00014138995603061558
blue,0.00014337517253070766
immigrant country,0.00014390249858853526
sake,0.00014605664158626793
americas,0.00014656389419075155
liberal,0.00014674127026683868
future,0.00014806709000994046
eye,0.00014832965632904818
lord jesus,0.00015427569865130645
british,0.00015646748537021774
legal way,0.00015933617484713817
america freedom,0.00016124147693766775
sick,0.00016221059172755745
face,0.0001634302510992665
news,0.00017054217116778728
example,0.00017190313799262985
legal immigrant,0.00017346666470407753
rest world,0.00018036358409271794
independence,0.00018037237413049952
line,0.00018381235730153774
identity,0.000184675720563435
common sense,0.0001852663288006279
politic,0.00018556822553491962
young people,0.00018810644122128233
main,0.0001970204309863568
debt,0.00019871193462099558
people texas,0.00019879360824440076
health care,0.00020057528254221817
working,0.00020216742249085722
month,0.00020336805378057678
ability,0.00020918247939653053
present,0.00021359590044821
good job,0.00021665212118126973
huge,0.00021706193477844795
energy,0.00021872706598353856
woman right,0.000224683420913476
week,0.00022500439057841271
creation,0.0002269735252192509
proper,0.0002297070538093357
stupid,0.00023585928579202724
savior,0.00023610573447600325
protest,0.00023898907012635112
plan,0.00023972650869430814
hope,0.0002451801630652252
general,0.000246476767301725
vice president,0.00025087012901509466
homeless people,0.0002521474964194987
protection,0.00025349622884793645
local,0.0002559921472370468
fellow,0.0002583037712095178
child child,0.00025995200492070434
reality,0.00026109766507999895
simple,0.00026513558916968786
nonsense,0.00026774822308546335
important,0.00026821187264869416
right way,0.00026961880041204383
cost,0.00027164246475102434
number,0.00027307233843352325
middle,0.0002794226779450833
god man,0.0002799459129963364
speech,0.0002801704446758291
great nation,0.0002809912288773492
income,0.00028149394821170963
free world,0.00028412870501908204
role,0.0002884757789905288
civil war,0.0002899154154681709
independent,0.00029084285649167113
civil,0.00029098418853419053
harm,0.00029711525603972244
interested,0.0002975297500419326
wtf,0.0002996485078294246
voting,0.0003022113310142757
combat,0.0003041237035536004
matter,0.0003060126736298115
price,0.00031043343950328786
love god,0.0003144693194457932
daily,0.00031908542965610105
bad,0.00032216588859420095
question,0.00032221267495479117
right,0.00032687344690765334
step,0.00032743548722612045
belief,0.0003284830437127786
middle class,0.0003285370843890592
salvation,0.0003291253465660185
president donald,0.00033034726274271174
bless,0.00033053017935154197
activity,0.0003321774450968676
flag,0.00033356503186517225
year old,0.0003346389456917772
canadian,0.00033469172335179385
safety,0.0003350280417202989
board,0.0003368187772568879
rule law,0.00033781438943487587
gay,0.00034010292342328066
sense,0.00034027381324288567
govt,0.0003465251702285592
mind,0.0003484884091836105
tax citizen,0.000348794281601935
let,0.00035115727296624797
act,0.0003538502256615445
dangerous,0.0003553826465955927
people law,0.00035815398660787195
cartel,0.0003647438531031421
wrong,0.00036735667473080866
national security,0.0003676382523197323
mean,0.0003677302525615045
trump president,0.0003689773768823799
americans america,0.00037068385390013345
care,0.0003719591018753691
choice,0.00037631531959005874
check,0.0003808941129844525
sovereign,0.000382915628459222
goodness,0.0003875765133515584
true,0.0003915222681248006
citizen united,0.00039313232194811837
money american,0.0003936728232467362
biden president,0.0003958355165302261
thank,0.0004011560570595196
courage,0.0004050281443886909
people people,0.00040648582079431624
true american,0.00041141866786158183
bless america,0.0004126962955441903
time people,0.00041374243911790554
vet,0.0004217360535872424
ice,0.000422895793184803
concern,0.0004256011531803951
enforcement,0.0004258324304995331
law enforcement,0.0004258324304995331
president america,0.00042604675532436346
day,0.0004264474813571416
righteous,0.00043002511815878446
lord god,0.00043683377484233414
free country,0.00044170495845030584
phone,0.0004445739669814055
loan,0.00044964826246478794
self,0.0004502039782393087
ashamed,0.0004502501004239487
country law,0.0004533695767750556
responsible,0.0004566763526817285
americans country,0.00045997699481186414
ball,0.00046063511038691314
light,0.00046251370432112313
constitution united,0.0004627716598561222
clear,0.00046461269427119304
low,0.00046521367108552116
capital,0.00046720473979712155
god country,0.000469270020130154
greg abbott,0.00046971943264583594
ukraine border,0.00047054066728228545
prosperity,0.00047182780383391314
save,0.00047445388376451703
tired,0.0004779185074013845
term,0.00047800036903618867
texas governor,0.00047864790189876695
billion,0.00047889945804370466
voter,0.00047916382916464233
constituent,0.00048322569462530654
america citizen,0.00048679379049833423
angry,0.0004869176885203212
book,0.0004869808538903933
honesty,0.0004953542890149638
threat,0.0004954413850188793
parent,0.0004979071501283782
biden american,0.000499185120145112
wicked,0.0004999478745026695
representation,0.0005013060540201481
message,0.0005022206896070044
pocket,0.0005058288798220812
current,0.0005066659164823284
college,0.0005070708288380157
law country,0.0005070799796729293
secure,0.0005082442261010618
country,0.0005086050142082896
armed,0.0005091832767225418
immigration law,0.0005123454854897504
wisdom,0.0005142197211519934
president united,0.0005179971686585031
american border,0.0005204672472427437
gender,0.0005211151610310914
property,0.0005216663325104875
god bless,0.0005221381694771837
willing,0.0005222028947247535
america american,0.0005229822571852086
inflation,0.0005287911587364992
best,0.0005291503192933515
disaster,0.0005292798078763691
folk,0.0005293934776599773
washington,0.0005345792653585361
stand,0.0005352769005117713
people united,0.0005355767269796137
integrity,0.0005394448609401337
illegal country,0.0005400641635299971
ben,0.0005403579678155094
america god,0.0005430177382418251
corruption,0.0005438443281233999
regime,0.0005490637457907951
stop,0.000549149190654082
violation,0.0005560983106528833
dollar,0.0005562914625171409
foreign domestic,0.0005565733167901671
destruction,0.0005579201668562579
disgrace,0.0005591871094658422
legal citizen,0.000559352827357252
promise,0.0005601206298017934
evil,0.0005601763160108441
tyrannical,0.0005692683708826827
admin,0.000569733828076912
people biden,0.0005708278402319481
idea,0.0005720660687869741
medium,0.0005736166930967745
law constitution,0.0005773407276953946
crime,0.0005831142310683385
texan,0.0005852118698904474
trump border,0.0005859109366567139
anti,0.0005899213373443924
socialism,0.0005919811306785536
guard,0.0005927059476898799
fool,0.0005928301075059857
fellow americans,0.0005944303357271311
terrorist,0.0005961255695492564
rights,0.0006009904960466058
mr,0.0006045940194737404
fund,0.000617270614495937
alien,0.0006226756585813862
borders,0.0006269388539879788
free speech,0.0006286405788440731
left,0.0006318712411903653
house senate,0.0006413047470907557
people america,0.0006424210996639841
ally,0.0006466355984836045
border country,0.0006521062111143007
senior,0.0006578330083216924
clown,0.000660479451023288
welfare,0.0006626223897681597
hispanic,0.0006643572717985276
trust,0.0006731717959145571
border wall,0.0006739573101974685
president biden,0.0006766179173258002
administration american,0.0006880681133855056
god sake,0.0006891245574146812
greg,0.0006970708299932984
president country,0.0006986368427656155
right thing,0.0007018866813032398
supreme,0.0007055911879421123
texans,0.0007077418419773555
people government,0.0007118836750947358
midterm,0.0007162317884169376
accountability,0.0007209235467705688
satan,0.0007259344552005599
law order,0.0007431290718020341
school,0.0007462876541859101
sane,0.0007467366898780504
great country,0.0007514916860120582
order,0.0007567211396405015
democrats country,0.0007594136040975085
ron,0.0007649337024181762
bs,0.0007699246076610206
oil,0.0007725212280902097
lie,0.0007728706295472886
treasonous,0.0007747019329249226
loyal,0.000775052251750853
border state,0.0007751380599086657
mayorkas,0.0007812523542742548
american taxpayer,0.0007931929309560781
bible,0.0008046096470426525
people border,0.0008054707536638474
domestic,0.0008073400568329691
biden country,0.0008143676316513971
dem,0.0008155970636874151
usa citizen,0.0008177344553936464
chief,0.0008210619654699059
biden harris,0.0008214338565901409
white house,0.0008238154853207195
tax dollar,0.0008422772576377943
idiot,0.0008457673866813006
conservative,0.0008518514211457612
leadership,0.0008530116314258237
representative,0.0008572742606060776
official,0.0008605280868681125
embarrassment,0.0008617048545980886
red,0.0008719362207823263
leader,0.0008745111321425219
charge,0.0008783094617572829
lord,0.0008994380924829759
socialist,0.0008999233042179174
open border,0.0009011422902281639
senator,0.0009041617092286078
donald trump,0.0009088912341208901
hell,0.0009108356269696102
government people,0.0009117193190111898
open,0.0009192563352428053
constitutional right,0.0009229997598648339
brandon,0.0009264090356264833
tax money,0.000927797152849543
chip,0.0009308632755225136
country border,0.0009411011970041803
danger,0.0009417980075860207
americans border,0.0009438173356223359
failure,0.0009471259939526464
agent,0.0009522059756631935
biden america,0.0009562801105504879
voice,0.0009571074367268602
federal government,0.0009688327284546241
border control,0.0009770353059774018
donald,0.0009829219973856225
illegal immigrant,0.000995490615802722
jail,0.0010002893793675408
roy,0.0010012475052591516
drug,0.001002688562244113
court,0.0010054920816449848
judge,0.0010067134235513977
payer,0.0010107055010778094
mess,0.0010150900898936352
god america,0.001016803511096926
democratic,0.0010180044857086858
health,0.0010181366204072085
title,0.001021277625592903
tax payer,0.001022937876834734
invasion,0.0010315009561440635
pelosi,0.0010337375292952275
abbot,0.0010339959299043118
money,0.0010416330988044283
communist,0.0010516239618735374
republican,0.0010629500181500648
tyranny,0.001063828490026393
america americans,0.001085185208511546
abortion,0.0010855030061302708
nation,0.0010958898682892739
america people,0.001100327612242465
gun,0.0011027926586517972
american citizens,0.0011335003759719972
disney,0.0011421819350121
matt,0.0011594783399052502
governor abbott,0.001168596907070169
republicans,0.0011770905481190187
liberty,0.0012019513197575817
obama,0.0012063547376176137
accountable,0.0012139954383987438
national,0.0012162206073619733
senate,0.0012184809124055223
agenda,0.0012248917535789732
border patrol,0.001238656709144061
dc,0.0012681023063578596
security,0.0012746246557338373
gov,0.0013124522878620204
florida,0.0013822384998650676
oath office,0.0013843615790731197
public,0.0013884919190634971
southern border,0.0014135680685750953
party,0.001427375883633241
taxis,0.0014605092900095912
power,0.0014820251340666953
vote,0.00148798443146354
democrat,0.001504645758453637
patriots,0.0015290001602427453
service,0.0015305398781664307
america great,0.001535977702918989
house,0.001557399630695216
southern,0.0015680714720211666
crap,0.0015784231629046611
patrol,0.0016186165486356831
policy,0.0016479512016121496
states america,0.0016517709538069727
harris,0.0016609923590654018
free,0.0016752846875957928
politician,0.0016781886019542984
republic,0.0016811877466448356
impeachment,0.001682876255039881
citizens,0.001688831139638999
november,0.001708097193666775
enemy,0.0017125541499431983
control,0.0017129301285535507
congress,0.0017860793540583424
military,0.0018798799484661564
biden administration,0.0018894404484636428
sovereignty,0.002023973421382633
taxpayer,0.0020346532663269887
federal,0.0020955956131946565
amendment,0.0021132957077992873
constitutional,0.002159648287554116
veteran,0.002160839569499947
united,0.0021636948402917666
treason,0.0021866070267557397
impeach,0.0022008971604486113
boarder,0.002239486760755108
patriot,0.0022911235185906127
legal,0.0022918931245753493
joe biden,0.0022942911738021727
corrupt,0.0023255231352828803
united states,0.0023680173439165147
trucker,0.0023876920777568893
desantis,0.0024610029493974503
traitor,0.0025042561315451748
usa,0.002564851304570193
states,0.0025797889123414684
wall,0.002672108281957526
election,0.00268707460399648
american citizen,0.0027440146538107698
president trump,0.0027540104932752465
abbott,0.00300374054430486
criminal,0.0031384905349636748
joe,0.0031460210161251456
job,0.0032368945381284382
tax,0.0032429384569368823
duty,0.0032632579128836947
citizen,0.003316606436153521
government,0.003961976002954283
great,0.0040599111401989135
truth,0.004188110195909753
god,0.004470196527332972
office,0.004718360266381678
oath,0.004782017390726471
texas,0.005180517136398132
democrats,0.005572487395018524
governor,0.005626307944021156
illegal,0.006103312994984865
state,0.006306827551441579
constitution,0.007043159641606124
administration,0.00715459189203895
law,0.009647914485352984
president,0.010728613401103315
trump,0.011218895988297489
american people,0.011775398581464999
americans,0.012230470379594354
biden,0.014566638333018604
border,0.015409676154902269
america,0.016761666073303413
american,0.02105086702129534
